"","gene","CpG_Associated","CpG_in_Gene","Enrichment_fromAverage","Suprise","Probe_ID","Chromosome_37","Coordinate_37","region","isoform","UCSC_CPG_ISLANDS_NAME","RELATION_TO_UCSC_CPG_ISLAND","corr_pval","db"
"204","ASIC5",1,4,0.159409650319623,6.27314593561281,"cg15736994","4",156775941,"intragenic","1","","",0.182073023749706,0.0600258664925171
"329","OR52L1",1,4,0.159409650319623,6.27314593561281,"cg27480913","11",6008246,"promoter","1","","",0.00736214861690231,-0.0507118272731235
"17","TEK",1,4,0.159409650319623,6.27314593561281,"cg01284193","9",27109111,"promoter","1","","",0.100370171621861,0.071697121306611
"99","AQP2",3,15,0.597786188698585,5.01851674849025,"cg06734406","12",50349329,"intragenic","1","chr12:50349079-50349525","Island",0.137652118916535,0.0564154510897099
"133","AQP2",3,15,0.597786188698585,5.01851674849025,"cg09577511","12",50349173,"intragenic","1","chr12:50349079-50349525","Island",0.0963615253817167,0.0721784995949969
"303","AQP2",3,15,0.597786188698585,5.01851674849025,"cg25112641","12",50344211,"promoter","1","","",0.172683538870622,0.051076235890538
"186","C9orf135",1,5,0.199262062899528,5.01851674849025,"cg14394451","9",72514243,"intragenic","1","","",0.114599697392184,-0.0696859479466055
"115","VN1R1",1,5,0.199262062899528,5.01851674849025,"cg08023175","19",57967606,"intragenic","1","","",0.11799638470077,-0.0557642562690163
"105","ZSCAN12P1",2,10,0.398524125799057,5.01851674849025,"cg06952873","6",28059208,"intragenic","1","","",0.112107897017732,0.0600582299338871
"168","ZSCAN12P1",2,10,0.398524125799057,5.01851674849025,"cg12623302","6",28058802,"promoter","1","","",0.100547242189172,0.0538249044670697
"61","C17orf98",2,12,0.478228950958868,4.18209729040854,"cg04487205","17",36997563,"promoter","1","chr17:36997448-36997661","Island",0.177780911905602,0.0638666149477133
"166","C17orf98",2,12,0.478228950958868,4.18209729040854,"cg12552293","17",36997731,"promoter","1","chr17:36997448-36997661","S_Shore",0.112277223912582,0.0766220843243803
"124","MS4A8",1,6,0.239114475479434,4.18209729040854,"cg08439328","11",60465625,"promoter","1","","",0.153371535626625,0.0679819653120461
"169","PALMD",1,6,0.239114475479434,4.18209729040854,"cg12729166","1",100110390,"promoter","1","","",0.173735004156418,0.0580608042846479
"129","SCGB2A2",1,6,0.239114475479434,4.18209729040854,"cg08884591","11",62037191,"promoter","1","","",0.171957944088353,0.0655828812787197
"194","LINC00942",2,14,0.557933776118679,3.58465482035018,"cg15027294","12",1609537,"promoter","1","","",0.0403681670376402,0.0947148269724108
"302","LINC00942",2,14,0.557933776118679,3.58465482035018,"cg24951335","12",1609463,"promoter","1","","",0.0936686336498455,0.0741129029497855
"196","TNFSF4",1,7,0.27896688805934,3.58465482035018,"cg15112923","1",173155033,"intragenic","1","","",0.0860703922910418,0.0550110560083498
"6","OSR2",5,35,1.3948344402967,3.58465482035018,"cg00388812","8",99961376,"intragenic","1","chr8:99960497-99961438","Island",0.170270077198239,0.0632946303351862
"79","OSR2",5,35,1.3948344402967,3.58465482035018,"cg05754861","8",99961768,"intragenic","1","chr8:99960497-99961438","S_Shore",0.177814330271146,0.0513519480135307
"119","OSR2",5,35,1.3948344402967,3.58465482035018,"cg08202494","8",99961545,"intragenic","1","chr8:99960497-99961438","S_Shore",0.169184210185386,0.0668913004987652
"216","OSR2",5,35,1.3948344402967,3.58465482035018,"cg16746576","8",99962118,"intragenic","1","chr8:99960497-99961438","S_Shore",0.194560308795349,0.0832025380131103
"275","OSR2",5,35,1.3948344402967,3.58465482035018,"cg22524061","8",99959430,"intragenic","1","chr8:99960497-99961438","N_Shore",0.179455869525344,0.0996192340667688
"299","CD74",2,15,0.597786188698585,3.34567783232683,"cg24548564","5",149792390,"promoter","1","","",0.0579228609582911,0.051736869032213
"312","CD74",2,15,0.597786188698585,3.34567783232683,"cg26129545","5",149792330,"promoter","1","","",0.104362794530309,0.0603848445531285
"98","LDHAL6A",2,15,0.597786188698585,3.34567783232683,"cg06588556","11",18477299,"promoter","1","chr11:18477298-18477756","Island",0.14311323440291,0.0610302555748109
"289","LDHAL6A",2,15,0.597786188698585,3.34567783232683,"cg23797887","11",18477753,"intragenic","1","chr11:18477298-18477756","Island",0.0826162676845743,0.0608201169401171
"74","CDSN",2,16,0.637638601278491,3.1365729678064,"cg05545351","6",31082835,"three_plus","1","","",0.0487147742698027,0.0833076612490102
"156","CDSN",2,16,0.637638601278491,3.1365729678064,"cg11468993","6",31082939,"three_plus","1","","",0.0218320485537354,0.102503528547232
"160","TMEM220",1,8,0.318819300639245,3.1365729678064,"cg11750736","17",10634140,"promoter","1","chr17:10632789-10633490","S_Shore",0.0795105120820874,-0.0688211642101815
"294","TNFRSF6B",1,8,0.318819300639245,3.1365729678064,"cg24354818","20",62328094,"promoter","1","chr20:62328013-62328558","Island",0.184683839757494,0.132454047639663
"177","PSORS1C3",2,17,0.677491013858396,2.9520686755825,"cg13468624","6",31146889,"promoter","1","chr6:31148369-31148577","N_Shore",0.00451915338920828,-0.0699583394423909
"291","PSORS1C3",2,17,0.677491013858396,2.9520686755825,"cg24005169","6",31146942,"promoter","1","chr6:31148369-31148577","N_Shore",0.0702804893867814,-0.0727138629327881
"222","AIM2",1,9,0.358671713219151,2.78806486027236,"cg17217296","1",159046937,"promoter","1","","",0.186690287578454,0.069614550639404
"251","FGF7",1,9,0.358671713219151,2.78806486027236,"cg19674178","15",49752768,"intragenic","1","","",0.17806149581403,-0.0522702663798067
"63","LOC93622",2,18,0.717343426438302,2.78806486027236,"cg04672903","4",6675309,"promoter","1","chr4:6675691-6676407","N_Shore",0.105166640337828,0.0625290380844041
"254","LOC93622",2,18,0.717343426438302,2.78806486027236,"cg20111980","4",6676796,"intragenic","1","chr4:6675691-6676407","S_Shore",0.153702657461599,0.0697942885762897
"96","MYF5",1,9,0.358671713219151,2.78806486027236,"cg06376520","12",81110776,"promoter","1","chr12:81110725-81111126","Island",0.146006729501041,0.0555896901200741
"175","TSPAN8",1,9,0.358671713219151,2.78806486027236,"cg13355032","12",71524030,"intragenic","1","","",0.0388828926190506,0.0935236648490587
"157","C2orf27A",1,10,0.398524125799057,2.50925837424512,"cg11491537","2",132511720,"intragenic","1","","",0.085555339092278,0.060510550901072
"103","ZIM3",1,10,0.398524125799057,2.50925837424512,"cg06901189","19",57657653,"promoter","1","","",0.191773188446275,0.0505433854885289
"173","ZFAND2A",2,21,0.836900664178019,2.38976988023345,"cg12950816","7",1198977,"intragenic","1","chr7:1198965-1200144","Island",0.145401197020855,-0.091405146601379
"238","ZFAND2A",2,21,0.836900664178019,2.38976988023345,"cg18765753","7",1198926,"intragenic","1","chr7:1198965-1200144","N_Shore",0.179489478697755,-0.0554153024722628
"13","DMRTA2",3,33,1.31512961513689,2.28114397658648,"cg00945234","1",50886411,"intragenic","1","chr1:50884228-50891471","Island",0.182237026471228,0.0527432922485932
"60","DMRTA2",3,33,1.31512961513689,2.28114397658648,"cg04455430","1",50886920,"intragenic","1","chr1:50884228-50891471","Island",0.197659442017419,0.0581892349442998
"217","DMRTA2",3,33,1.31512961513689,2.28114397658648,"cg16809460","1",50885369,"intragenic","1","chr1:50884228-50891471","Island",0.150143804532311,0.0870411532116619
"25","DTD2",1,11,0.438376538378962,2.28114397658648,"cg01663052","14",31923667,"intragenic","1","chr14:31926260-31926810","N_Shelf",0.106423261062816,-0.0537608978891961
"141","PRSS30P",1,11,0.438376538378962,2.28114397658648,"cg10448227","16",2892809,"promoter","1","chr16:2892579-2892810","Island",0.18670917370874,0.0741672533663051
"123","TMEM186",1,11,0.438376538378962,2.28114397658648,"cg08308162","16",8889244,"three_plus","1","chr16:8891322-8891928","N_Shelf",0.000537120592417967,-0.0870124963099167
"77","FDX1",1,12,0.478228950958868,2.09104864520427,"cg05741490","11",110300161,"promoter","1","chr11:110300574-110301334","N_Shore",0.0486146033855868,0.0682235677431995
"62","HSD17B2",1,12,0.478228950958868,2.09104864520427,"cg04561261","16",82104638,"intragenic","1","","",0.197110132335078,-0.0761220013528345
"14","KIAA1614",2,24,0.956457901917736,2.09104864520427,"cg01022200","1",180881086,"promoter","1","chr1:180881316-180882592","N_Shore",0.166595431075218,0.0671213894636286
"282","KIAA1614",2,24,0.956457901917736,2.09104864520427,"cg23217419","1",180881088,"promoter","1","chr1:180881316-180882592","N_Shore",0.0728371723945882,0.0523947977550375
"101","PNMAL1",1,12,0.478228950958868,2.09104864520427,"cg06851207","19",46975138,"promoter","1","chr19:46974557-46975073","S_Shore",0.184435271698712,0.0793985278556276
"147","RGPD5",1,12,0.478228950958868,2.09104864520427,"cg10934807","2",113191815,"promoter","5","chr2:113190115-113191274","S_Shore",0.0271872105255409,0.0592922029040226
"148","RGPD8",1,12,0.478228950958868,2.09104864520427,"cg10934807","2",113191815,"promoter","1","chr2:113190115-113191274","S_Shore",0.0271872105255409,0.0592922029040226
"233","TERF1",1,12,0.478228950958868,2.09104864520427,"cg18250453","8",73924925,"intragenic","1","chr8:73920858-73921552","S_Shelf",0.0446000499857423,-0.0580389370721303
"265","RESP18",1,13,0.518081363538774,1.93019874941933,"cg21402265","2",220197046,"intragenic","1","chr2:220196431-220196768","S_Shore",0.0570237778316682,-0.0624206936974204
"140","TMEM71",1,13,0.518081363538774,1.93019874941933,"cg10054641","8",133773093,"promoter","1","","",0.0198570780002723,0.0721735813918106
"106","SLC29A1",5,66,2.63025923027377,1.90095331382206,"cg07053014","6",44187132,"promoter","1","chr6:44187186-44187400","N_Shore",0.176275268241126,0.0783038215894631
"144","SLC29A1",5,66,2.63025923027377,1.90095331382206,"cg10519140","6",44187076,"promoter","1","chr6:44187186-44187400","N_Shore",0.0440858702264307,0.0525737387962057
"154","SLC29A1",5,66,2.63025923027377,1.90095331382206,"cg11452354","6",44187052,"promoter","1","chr6:44187186-44187400","N_Shore",0.058546075648983,0.0603856934634861
"181","SLC29A1",5,66,2.63025923027377,1.90095331382206,"cg13793145","6",44187109,"promoter","1","chr6:44187186-44187400","N_Shore",0.0547620734267935,0.0589462491583166
"325","SLC29A1",5,66,2.63025923027377,1.90095331382206,"cg27078824","6",44187399,"promoter","1","chr6:44187186-44187400","Island",0.168639639847372,0.067858511960925
"20","HLA-DRB5",2,27,1.07601513965745,1.85870990684824,"cg01341801","6",32489203,"intragenic","1","chr6:32489742-32490128","N_Shore",0.157803362001021,-0.113760890437977
"225","HLA-DRB5",2,27,1.07601513965745,1.85870990684824,"cg17369694","6",32485396,"three_plus","1","","",0.0633121664442385,-0.166421652036075
"76","ARL8B",1,14,0.557933776118679,1.79232741017509,"cg05648614","3",5180520,"intragenic","1","","",0.102230687919792,0.071464617793209
"264","MPZL3",1,14,0.557933776118679,1.79232741017509,"cg21127597","11",118109650,"intragenic","1","","",0.116383482126183,0.066219823013986
"39","PLK5",1,14,0.557933776118679,1.79232741017509,"cg02872767","19",1525453,"intragenic","1","chr19:1525206-1525854","Island",0.117682580582251,0.225073463962118
"145","SDPR",1,14,0.557933776118679,1.79232741017509,"cg10581375","2",192700475,"intragenic","1","","",0.0514472025034129,-0.050730367849715
"67","TBC1D28",1,14,0.557933776118679,1.79232741017509,"cg04938329","17",18539765,"intragenic","1","chr17:18538247-18538813","S_Shore",0.175988484698368,0.0505123304226579
"231","TF",1,14,0.557933776118679,1.79232741017509,"cg17775713","3",133465469,"intragenic","1","chr3:133464949-133465420","S_Shore",0.158195061599131,0.0505010971294742
"213","AKR7A2",1,15,0.597786188698585,1.67283891616342,"cg16675581","1",19637256,"intragenic","1","chr1:19638207-19639309","N_Shore",0.0884136681736916,0.0691431509349508
"94","ARL14EP",1,15,0.597786188698585,1.67283891616342,"cg06241208","11",30344200,"promoter","1","chr11:30344536-30344946","N_Shore",0.0707918125149521,0.0560349054678171
"323","CHORDC1",1,15,0.597786188698585,1.67283891616342,"cg26834418","11",89957033,"promoter","1","chr11:89955742-89956358","S_Shore",0.0944848043398812,-0.0684682207442841
"232","MIS18BP1",1,15,0.597786188698585,1.67283891616342,"cg18174881","14",45723353,"promoter","1","chr14:45722148-45722802","S_Shore",0.13620773055007,0.0582214389826899
"125","PMM1",1,15,0.597786188698585,1.67283891616342,"cg08527603","22",41981776,"intragenic","1","chr22:41985525-41986045","N_Shelf",0.110347155799345,-0.0643981197900929
"40","RBM45",1,15,0.597786188698585,1.67283891616342,"cg03152913","2",178975712,"promoter","1","chr2:178977078-178977828","N_Shore",0.125995637432603,-0.0642510578657871
"22","TFAP2B",3,45,1.79335856609576,1.67283891616342,"cg01555614","6",50786369,"promoter","1","chr6:50787286-50788091","N_Shore",0.197586038384695,0.128203009639888
"228","TFAP2B",3,45,1.79335856609576,1.67283891616342,"cg17507887","6",50786511,"promoter","1","chr6:50787286-50788091","N_Shore",0.150143804532311,0.106027503111448
"295","TFAP2B",3,45,1.79335856609576,1.67283891616342,"cg24366557","6",50787650,"intragenic","1","chr6:50787286-50788091","Island",0.170068649985923,0.0782357562578671
"235","NRTN",1,16,0.637638601278491,1.5682864839032,"cg18596369","19",5822318,"promoter","1","chr19:5822284-5822532","Island",0.104639773562048,-0.068252960971976
"137","PHKG1",1,16,0.637638601278491,1.5682864839032,"cg09872392","7",56161020,"promoter","1","","",0.05697514231945,0.0572644325129096
"189","TDP2",1,16,0.637638601278491,1.5682864839032,"cg14628914","6",24659344,"intragenic","1","","",0.153901850958359,0.0553192819498258
"127","TLE6",1,16,0.637638601278491,1.5682864839032,"cg08794763","19",2977843,"intragenic","1","chr19:2977241-2977471","S_Shore",0.112309129860747,0.122324609332719
"207","HEG1",2,33,1.31512961513689,1.52076265105765,"cg16044109","3",124762597,"intragenic","1","","",0.183329203746168,-0.0930545979810827
"311","HEG1",2,33,1.31512961513689,1.52076265105765,"cg26102819","3",124756559,"intragenic","1","","",0.121267077494679,-0.0534974151556806
"68","C20orf194",1,17,0.677491013858396,1.47603433779125,"cg04969203","20",3232711,"intragenic","1","chr20:3229238-3229693","S_Shelf",0.185436819295968,-0.0570022956492567
"281","CDO1",1,17,0.677491013858396,1.47603433779125,"cg23029474","5",115153223,"promoter","1","chr5:115151348-115152713","S_Shore",0.157012556497131,0.0505445133843773
"298","FAM124B",1,17,0.677491013858396,1.47603433779125,"cg24516901","2",225266801,"promoter","1","","",0.11459842438184,0.0562213842950468
"234","FIP1L1",1,17,0.677491013858396,1.47603433779125,"cg18267124","4",54246543,"intragenic","1","chr4:54243642-54244397","S_Shelf",0.139005615520903,0.0590479548640899
"305","FPR2",1,17,0.677491013858396,1.47603433779125,"cg25653204","19",52264429,"promoter","2","","",0.129861410962431,0.055540627865655
"279","FXYD7",1,17,0.677491013858396,1.47603433779125,"cg22783327","19",35633258,"promoter","1","chr19:35633409-35633697","N_Shore",0.189007765129518,0.053142975155148
"248","GLDN",1,17,0.677491013858396,1.47603433779125,"cg19558802","15",51695713,"intragenic","1","","",0.036715647782171,0.0974230289882126
"263","IGFL2",1,17,0.677491013858396,1.47603433779125,"cg21084674","19",46651553,"intragenic","1","","",0.00201281348144997,0.0528050995757782
"170","LRRN4",1,17,0.677491013858396,1.47603433779125,"cg12731671","20",6033516,"intragenic","1","chr20:6032675-6033517","Island",0.115707954728495,0.058917361698144
"37","PYGO1",1,17,0.677491013858396,1.47603433779125,"cg02715546","15",55881162,"promoter","1","chr15:55879792-55881228","Island",0.182945472890951,0.0627785390580407
"317","TAF1C",1,17,0.677491013858396,1.47603433779125,"cg26466773","16",84211947,"intragenic","1","chr16:84214835-84215036","N_Shelf",0.165341002656698,-0.070744751969755
"274","FAIM3",2,36,1.4346868528766,1.39403243013618,"cg22511455","1",207096773,"promoter","1","","",0.125085002609564,0.074910822984925
"280","FAIM3",2,36,1.4346868528766,1.39403243013618,"cg22945467","1",207096833,"promoter","1","","",0.133821192298231,0.0565472143235992
"34","HEPACAM2",1,18,0.717343426438302,1.39403243013618,"cg02544502","7",92848969,"intragenic","1","","",0.0483964565511635,0.0636251582868321
"240","HOXA1",1,18,0.717343426438302,1.39403243013618,"cg18805066","7",27134259,"intragenic","1","chr7:27134097-27134303","Island",0.156303017256273,0.0807602812112509
"285","RGS9BP",1,18,0.717343426438302,1.39403243013618,"cg23499126","19",33168053,"intragenic","1","chr19:33165266-33168099","Island",0.066857113927385,0.0507244814410938
"1","ABAT",4,74,2.94907853091302,1.35635587797034,"cg00220102","16",8806756,"intragenic","1","","",0.103957710371598,0.0730343340338867
"28","ABAT",4,74,2.94907853091302,1.35635587797034,"cg01881182","16",8806531,"intragenic","1","","",0.0864703147435275,0.0904072164098694
"122","ABAT",4,74,2.94907853091302,1.35635587797034,"cg08241330","16",8806663,"intragenic","1","","",0.173148830933672,0.0871108126488238
"211","ABAT",4,74,2.94907853091302,1.35635587797034,"cg16586594","16",8806569,"intragenic","1","","",0.124916980680183,0.0836933747283635
"292","ATP6V1B1",1,19,0.757195839018208,1.32066230223428,"cg24334149","2",71175539,"intragenic","1","","",0.143250577559414,0.0663659362043172
"206","KAT7",1,19,0.757195839018208,1.32066230223428,"cg15997611","17",47901145,"intragenic","1","","",0.0380729346935809,0.0600618604009162
"320","MIR4482-1",1,19,0.757195839018208,1.32066230223428,"cg26589669","10",106028206,"three_plus","1","chr10:106028542-106029047","N_Shore",0.104131453187998,0.0510652777527334
"171","SERTAD2",1,19,0.757195839018208,1.32066230223428,"cg12734023","2",64863580,"intragenic","1","","",0.104750085976867,0.0697293793159383
"304","MAN1A1",1,20,0.797048251598113,1.25462918712256,"cg25630384","6",119630581,"intragenic","1","","",0.150503986832446,0.108305607107289
"73","PARD6G-AS1",2,40,1.59409650319623,1.25462918712256,"cg05251669","18",77905391,"promoter","1","chr18:77905297-77905566","Island",0.0845101609311888,-0.0514189924792336
"180","PARD6G-AS1",2,40,1.59409650319623,1.25462918712256,"cg13704680","18",77905298,"promoter","1","chr18:77905297-77905566","Island",0.197568120847652,-0.0594862287327402
"193","ZNF487",1,20,0.797048251598113,1.25462918712256,"cg14913777","10",43947405,"intragenic","1","chr10:43950884-43951437","N_Shelf",0.00654587264466374,0.0549918313217974
"296","CENPM",1,21,0.836900664178019,1.19488494011673,"cg24414363","22",42336273,"intragenic","1","","",0.0798924421167429,-0.086472155294697
"318","SMOX",1,21,0.836900664178019,1.19488494011673,"cg26478215","20",4146747,"intragenic","1","","",0.144291735573141,-0.0566884292622063
"315","ST8SIA1",1,21,0.836900664178019,1.19488494011673,"cg26277026","12",22486029,"intragenic","1","chr12:22486835-22488666","N_Shore",0.163322093647021,0.0543591194675397
"19","ABCC5",2,44,1.75350615351585,1.14057198829324,"cg01324343","3",183735012,"intragenic","1","chr3:183735183-183736103","N_Shore",0.0114745201244381,-0.0849138045219855
"69","ABCC5",2,44,1.75350615351585,1.14057198829324,"cg05044414","3",183734942,"intragenic","1","chr3:183735183-183736103","N_Shore",0.0316039258382631,-0.0926345259351946
"214","PQLC2",1,22,0.876753076757925,1.14057198829324,"cg16675581","1",19637256,"promoter","1","chr1:19638207-19639309","N_Shore",0.0884136681736916,0.0691431509349508
"245","RAB6B",1,22,0.876753076757925,1.14057198829324,"cg19529551","3",133615241,"promoter","1","chr3:133613566-133615174","S_Shore",0.101522951507006,0.0635887384250362
"64","RNF24",1,22,0.876753076757925,1.14057198829324,"cg04721719","20",3992787,"intragenic","1","chr20:3995573-3996405","N_Shelf",0.0691995493878921,-0.0587983259153546
"32","ZC3H11A",1,22,0.876753076757925,1.14057198829324,"cg02337583","1",203763498,"promoter","1","chr1:203764568-203765293","N_Shore",0.172524414226045,-0.0526467468006518
"36","SIM2",6,134,5.34022328570736,1.1235485257814,"cg02701080","21",38078431,"intragenic","1","chr21:38079941-38081833","N_Shore",0.10225478496684,0.0532879698876958
"116","SIM2",6,134,5.34022328570736,1.1235485257814,"cg08066129","21",38077258,"intragenic","1","chr21:38076762-38077685","Island",0.0926991444354756,0.0508668195331996
"142","SIM2",6,134,5.34022328570736,1.1235485257814,"cg10456990","21",38077597,"intragenic","1","chr21:38076762-38077685","Island",0.0849255166881217,0.0627334915206488
"244","SIM2",6,134,5.34022328570736,1.1235485257814,"cg19498960","21",38077270,"intragenic","1","chr21:38076762-38077685","Island",0.0258166593592648,0.0525678948011791
"266","SIM2",6,134,5.34022328570736,1.1235485257814,"cg21697851","21",38076869,"intragenic","1","chr21:38076762-38077685","Island",0.0941651335454537,0.0652673931814359
"270","SIM2",6,134,5.34022328570736,1.1235485257814,"cg22289831","21",38076709,"intragenic","1","chr21:38076762-38077685","N_Shore",0.133375228329886,0.0686990737509321
"199","GRM3",1,23,0.91660548933783,1.09098190184571,"cg15331781","7",86274443,"intragenic","1","","",0.0735594455596163,0.0563113351647351
"239","HOTAIRM1",1,23,0.91660548933783,1.09098190184571,"cg18805066","7",27134259,"promoter","1","chr7:27134097-27134303","Island",0.156303017256273,0.0807602812112509
"174","MCCC1",1,23,0.91660548933783,1.09098190184571,"cg13053082","3",182813224,"intragenic","1","chr3:182816771-182817455","N_Shelf",0.18705500590384,-0.0631615155438928
"310","GRAMD4",2,47,1.87306339125557,1.06776952095537,"cg26058289","22",47054148,"intragenic","1","chr22:47054031-47054274","Island",0.108045492609526,-0.0973224700301202
"330","GRAMD4",2,47,1.87306339125557,1.06776952095537,"cg27620176","22",47054067,"intragenic","1","chr22:47054031-47054274","Island",0.0567572688029389,-0.080161160739838
"4","RBM20",2,47,1.87306339125557,1.06776952095537,"cg00339441","10",112431849,"intragenic","1","chr10:112431835-112432426","Island",0.182073023749706,0.0627962949989955
"297","RBM20",2,47,1.87306339125557,1.06776952095537,"cg24488739","10",112431719,"intragenic","1","chr10:112431835-112432426","N_Shore",0.0806549488655088,0.0859441498019686
"132","GRIP1",1,24,0.956457901917736,1.04552432260213,"cg09414535","12",67073022,"promoter","1","","",0.182116959321706,-0.0530943565775392
"202","RPRD2",1,24,0.956457901917736,1.04552432260213,"cg15654264","1",150340011,"intragenic","1","chr1:150336831-150337289","S_Shelf",0.0552097726730045,0.0575940264628327
"52","SOX11",1,24,0.956457901917736,1.04552432260213,"cg03594550","2",5837929,"intragenic","1","chr2:5836068-5837643","S_Shore",0.138643975964267,0.0592865502218453
"95","MAST1",2,49,1.95276821641538,1.02418709152862,"cg06307939","19",12984645,"intragenic","1","chr19:12984132-12985466","Island",0.0236697554516941,-0.0834258011507314
"262","MAST1",2,49,1.95276821641538,1.02418709152862,"cg21073930","19",12984170,"intragenic","1","chr19:12984132-12985466","Island",0.0159780093330386,-0.0891561698444969
"59","SLC45A1",2,49,1.95276821641538,1.02418709152862,"cg04424119","1",8403680,"intragenic","1","chr1:8403697-8404102","N_Shore",0.184256315233044,-0.0514981970531885
"316","SLC45A1",2,49,1.95276821641538,1.02418709152862,"cg26411522","1",8403712,"intragenic","1","chr1:8403697-8404102","Island",0.0954447248595981,-0.0596563306161682
"26","PVT1",2,50,1.99262062899528,1.00370334969805,"cg01765152","8",129005526,"intragenic","1","","",0.198437054299951,0.090786630404929
"229","PVT1",2,50,1.99262062899528,1.00370334969805,"cg17583432","8",129005567,"intragenic","1","","",0.153979503844889,0.0694758518044931
"179","SHISA3",1,25,0.996310314497642,1.00370334969805,"cg13587180","4",42403248,"intragenic","1","chr4:42399152-42400802","S_Shelf",0.153056976655216,0.0529906828564549
"149","UCK2",1,25,0.996310314497642,1.00370334969805,"cg10972897","1",165859714,"intragenic","1","","",0.0172481998430419,0.0724796945774452
"236","AURKC",1,26,1.03616272707755,0.965099374709663,"cg18644286","19",57742255,"promoter","1","chr19:57741955-57742457","Island",0.194600652963312,-0.073053011093135
"250","FAM227B",1,26,1.03616272707755,0.965099374709663,"cg19674178","15",49752768,"intragenic","1","","",0.17806149581403,-0.0522702663798067
"55","MEF2A",1,26,1.03616272707755,0.965099374709663,"cg04219504","15",100105188,"promoter","1","chr15:100105368-100107065","N_Shore",0.0574234430099821,0.0590884406092732
"54","POU5F1",1,26,1.03616272707755,0.965099374709663,"cg04099091","6",31138947,"promoter","1","","",0.00799347940363593,-0.0532199424633217
"288","SLC25A29",1,26,1.03616272707755,0.965099374709663,"cg23709172","14",100763736,"intragenic","1","","",0.14047252274557,0.054344590336162
"215","AIRE",1,28,1.11586755223736,0.896163705087544,"cg16717549","21",45705699,"promoter","1","chr21:45705428-45706044","Island",0.154867400191585,-0.0615837729113419
"27","GREM2",1,28,1.11586755223736,0.896163705087544,"cg01809217","1",240656342,"intragenic","1","chr1:240656253-240656720","Island",0.0815544244813123,0.0514984731896028
"284","LMAN2",1,28,1.11586755223736,0.896163705087544,"cg23483530","5",176759977,"intragenic","1","chr5:176759071-176759361","S_Shore",0.0568587049154415,0.0833401889006491
"51","SEMA3E",1,28,1.11586755223736,0.896163705087544,"cg03542197","7",83146545,"intragenic","1","","",0.112804627653473,-0.0778805482178507
"135","HLA-DRB6",1,29,1.15571996481726,0.865261508360387,"cg09663314","6",32525979,"intragenic","1","","",0.0239025795644309,-0.0736665111171998
"5","EPDR1",1,30,1.19557237739717,0.836419458081708,"cg00364758","7",37964310,"intragenic","1","chr7:37960316-37961046","S_Shelf",0.0392019413012303,-0.0576298167145354
"219","KCNK3",1,30,1.19557237739717,0.836419458081708,"cg16842187","2",26951473,"intragenic","1","chr2:26950538-26951474","Island",0.129850132295061,-0.070213455770793
"89","NCOA4",2,60,2.39114475479434,0.836419458081708,"cg06098215","10",51575702,"intragenic","1","chr10:51572198-51572620","S_Shelf",0.0114745201244381,0.0619999123405046
"218","NCOA4",2,60,2.39114475479434,0.836419458081708,"cg16814786","10",51575763,"intragenic","1","chr10:51572198-51572620","S_Shelf",0.0299338693728575,0.0541742483190286
"158","SHISA4",1,30,1.19557237739717,0.836419458081708,"cg11586189","1",201857591,"promoter","1","","",0.125245430572087,-0.0870095777494309
"309","CCDC92",1,31,1.23542478997708,0.809438185240362,"cg25889427","12",124428253,"intragenic","1","","",0.0956452268986497,-0.0509772206025759
"23","HAND2",1,31,1.23542478997708,0.809438185240362,"cg01566965","4",174447847,"three_plus","1","chr4:174448333-174448845","N_Shore",0.062632355686581,0.0533875430037751
"87","IGSF9B",2,64,2.55055440511396,0.784143241951601,"cg06067394","11",133789110,"intragenic","1","chr11:133787971-133791268","Island",0.172767301261699,-0.0603223715269001
"126","IGSF9B",2,64,2.55055440511396,0.784143241951601,"cg08765940","11",133789708,"intragenic","1","chr11:133787971-133791268","Island",0.10713682469092,-0.0596775861627082
"150","ST3GAL5",1,32,1.27527720255698,0.784143241951601,"cg11015768","2",86106058,"intragenic","1","","",0.189255867676843,-0.134938678353873
"109","ST3GAL6",1,32,1.27527720255698,0.784143241951601,"cg07390647","3",98453086,"intragenic","1","chr3:98451286-98452225","S_Shore",0.0122258868972777,0.0529501690926376
"70","CLMN",1,33,1.31512961513689,0.760381325528825,"cg05068951","14",95722106,"intragenic","1","","",0.161787131967056,-0.0509370299466227
"151","EFNB2",1,33,1.31512961513689,0.760381325528825,"cg11196529","13",107182539,"intragenic","1","chr13:107186468-107189024","N_Shelf",0.114894270655358,0.0526822374888219
"188","ITGA6",1,33,1.31512961513689,0.760381325528825,"cg14512870","2",173330342,"intragenic","1","","",0.155809954055924,0.0512089044966728
"313","WSCD2",1,33,1.31512961513689,0.760381325528825,"cg26132493","12",108634275,"intragenic","1","","",0.0889908369294565,0.0593270437722669
"286","USP4",1,34,1.35498202771679,0.738017168895625,"cg23549385","3",49318213,"intragenic","1","chr3:49314437-49314815","S_Shelf",0.151118897990504,-0.0652277846971118
"259","WNT3",1,34,1.35498202771679,0.738017168895625,"cg20656587","17",44895317,"intragenic","1","chr17:44895800-44897025","N_Shore",0.197476199889699,0.0936675882136463
"301","MYO5C",1,35,1.3948344402967,0.716930964070035,"cg24590708","15",52554357,"intragenic","1","","",0.115316940360975,-0.0620519070205346
"84","ZSCAN10",1,35,1.3948344402967,0.716930964070035,"cg05975881","16",3148982,"intragenic","1","","",0.185914226213756,0.0517399774362901
"12","HAGH",1,36,1.4346868528766,0.69701621506809,"cg00935504","16",1863053,"intragenic","1","","",0.0661585744226737,-0.0564568485184213
"143","TRIM62",1,36,1.4346868528766,0.69701621506809,"cg10503992","1",33644276,"intragenic","1","chr1:33646613-33647878","N_Shelf",0.149514624374742,-0.054400565354623
"118","ANO9",1,37,1.47453926545651,0.678177938985169,"cg08200582","11",442649,"promoter","1","","",0.0485853189853468,-0.112553519032202
"319","GSTO2",1,37,1.47453926545651,0.678177938985169,"cg26589669","10",106028206,"promoter","2","chr10:106028542-106029047","N_Shore",0.104131453187998,0.0510652777527334
"159","TMEM220-AS1",1,37,1.47453926545651,0.678177938985169,"cg11750736","17",10634140,"intragenic","1","chr17:10632789-10633490","S_Shore",0.0795105120820874,-0.0688211642101815
"201","DENND2D",1,38,1.51439167803642,0.660331151117138,"cg15591803","1",111733668,"intragenic","1","","",0.0987507861810337,0.0564549834725941
"261","LTB",1,38,1.51439167803642,0.660331151117138,"cg21055528","6",31549631,"intragenic","1","chr6:31548436-31549277","S_Shore",0.0443368869610431,0.0571970252612143
"139","MFHAS1",1,38,1.51439167803642,0.660331151117138,"cg09957504","8",8742058,"intragenic","1","","",0.18492493517704,0.0807119562341524
"208","SMOC1",1,38,1.51439167803642,0.660331151117138,"cg16054651","14",70409921,"intragenic","1","","",0.0624415822671865,0.0611929940920224
"205","ST6GAL1",1,38,1.51439167803642,0.660331151117138,"cg15928398","3",186647950,"promoter","1","chr3:186648174-186649103","N_Shore",0.0969844571925353,0.0568142119242879
"138","ZDHHC7",1,38,1.51439167803642,0.660331151117138,"cg09938443","16",85019868,"intragenic","1","","",0.102700743971622,-0.0562798286219892
"75","PSORS1C1",2,77,3.06863576865274,0.65175542188185,"cg05545351","6",31082835,"promoter","1","","",0.0487147742698027,0.0833076612490102
"155","PSORS1C1",2,77,3.06863576865274,0.65175542188185,"cg11468993","6",31082939,"intragenic","1","","",0.0218320485537354,0.102503528547232
"273","EPS8L1",1,40,1.59409650319623,0.627314593561281,"cg22459517","19",55587193,"promoter","2","","",0.172841569207003,-0.0764416284435341
"247","KCNJ5",1,40,1.59409650319623,0.627314593561281,"cg19546057","11",128776216,"intragenic","1","","",0.161980967510004,0.0521850292950382
"110","MIR548AN",1,40,1.59409650319623,0.627314593561281,"cg07450210","13",99880947,"intragenic","1","","",0.158546503925522,0.0568082088603381
"293","RTEL1-TNFRSF6B",1,40,1.59409650319623,0.627314593561281,"cg24354818","20",62328094,"intragenic","1","chr20:62328013-62328558","Island",0.184683839757494,0.132454047639663
"131","SCARA5",1,40,1.59409650319623,0.627314593561281,"cg09055205","8",27780272,"intragenic","1","chr8:27779081-27779767","S_Shore",0.0341211047237854,0.0514560754547737
"102","CPS1",1,42,1.67380132835604,0.597442470058363,"cg06888547","2",211457661,"intragenic","1","","",0.128477619548524,-0.0511678057984829
"33","CRYL1",1,42,1.67380132835604,0.597442470058363,"cg02430645","13",20989325,"intragenic","1","chr13:20989007-20989836","Island",0.142161068620568,0.0515197997815902
"220","HOPX",1,42,1.67380132835604,0.597442470058363,"cg16975863","4",57548093,"promoter","1","","",0.194103165292709,0.0922594211314799
"35","RAD54B",1,42,1.67380132835604,0.597442470058363,"cg02544829","8",95385408,"intragenic","1","","",0.161289166941967,0.114868469335377
"200","MRVI1",2,85,3.38745506929198,0.5904137351165,"cg15495966","11",10697072,"intragenic","1","","",0.196539256166552,0.0551050671846054
"223","MRVI1",2,85,3.38745506929198,0.5904137351165,"cg17299456","11",10696311,"intragenic","1","","",0.0941139846254895,0.0601437474777822
"15","DLG5",1,43,1.71365374093594,0.583548459126773,"cg01275566","10",79684776,"intragenic","1","chr10:79685719-79686507","N_Shore",0.0214538629897683,-0.0582099951172608
"290","CRTC1",1,44,1.75350615351585,0.570285994146619,"cg23945952","19",18874682,"intragenic","1","chr19:18873019-18873349","S_Shore",0.149514624374742,-0.052279651862785
"253","FABP6",1,44,1.75350615351585,0.570285994146619,"cg19889795","5",159625613,"intragenic","1","","",0.0755232945611141,0.0522002833569505
"11","MDGA1",1,44,1.75350615351585,0.570285994146619,"cg00807871","6",37617124,"intragenic","1","chr6:37616722-37617179","Island",0.198958509209346,-0.126027431039388
"176","RXRA",1,44,1.75350615351585,0.570285994146619,"cg13413384","9",137302231,"intragenic","1","chr9:137300835-137301195","S_Shore",0.0823017509965463,0.0556821778896952
"195","LDLRAD3",1,45,1.79335856609576,0.557612972054472,"cg15108490","11",36177699,"intragenic","1","","",0.0326793063198207,-0.0554940659106297
"30","LEPROT",1,45,1.79335856609576,0.557612972054472,"cg01933519","1",65891704,"intragenic","1","","",0.0569646855540161,-0.0537652615722213
"8","BTBD11",2,91,3.62656954477142,0.55148535697695,"cg00530688","12",107974554,"intragenic","2","chr12:107974842-107975305","N_Shore",0.0432619421196569,0.0647664937822867
"331","BTBD11",2,91,3.62656954477142,0.55148535697695,"cg27662246","12",107974539,"intragenic","2","chr12:107974842-107975305","N_Shore",0.0220944163487626,0.0611977089118115
"7","IGFALS",1,46,1.83321097867566,0.545490950922853,"cg00490583","16",1843685,"intragenic","2","chr16:1840623-1842688","S_Shore",0.0158475286900607,-0.0545372642289305
"146","EHBP1",2,93,3.70627436993123,0.539625456826908,"cg10906669","2",62935551,"intragenic","1","chr2:62932595-62933353","S_Shelf",0.151012884064155,0.0507568824069361
"226","EHBP1",2,93,3.70627436993123,0.539625456826908,"cg17397364","2",63273436,"three_plus","1","chr2:63274475-63279430","N_Shore",0.0437367493633898,-0.0558895678284156
"71","LRRC32",1,47,1.87306339125557,0.533884760477686,"cg05076755","11",76381148,"intragenic","2","chr11:76381449-76382295","N_Shore",0.182614319509243,-0.0531684265529225
"9","MLLT4",1,48,1.91291580383547,0.522762161301067,"cg00686132","6",168257835,"intragenic","1","","",0.0871689034833918,0.079357439939378
"172","PAX9",1,48,1.91291580383547,0.522762161301067,"cg12857945","14",37127275,"intragenic","1","chr14:37126786-37128274","Island",0.0935608919652866,0.05932658007043
"50","TRAPPC12",2,97,3.86568402025085,0.517372860669098,"cg03522083","2",3474169,"intragenic","1","","",0.167143853173459,-0.105137768010758
"268","TRAPPC12",2,97,3.86568402025085,0.517372860669098,"cg21858320","2",3483007,"intragenic","1","","",0.189780126683272,-0.0582645938449357
"197","DOCK4",1,49,1.95276821641538,0.512093545764311,"cg15196147","7",111791255,"intragenic","1","","",0.138199254150675,0.0502176923863585
"113","NAV1",2,98,3.90553643283076,0.512093545764311,"cg07599786","1",201618654,"intragenic","2","chr1:201617041-201619788","Island",0.177359750021179,-0.054530874970874
"128","NAV1",2,98,3.90553643283076,0.512093545764311,"cg08883485","1",201619787,"intragenic","2","chr1:201617041-201619788","Island",0.183514693195696,-0.0791969437581712
"91","PTPRG",2,98,3.90553643283076,0.512093545764311,"cg06133062","3",62111708,"intragenic","1","","",0.115448252408274,-0.0772110216089378
"252","PTPRG",2,98,3.90553643283076,0.512093545764311,"cg19766624","3",62111806,"intragenic","1","","",0.117925691671736,-0.0918077033211273
"184","ITPR3",1,50,1.99262062899528,0.501851674849025,"cg14003231","6",33640908,"intragenic","1","","",0.132551910657786,-0.082686538658212
"90","TAF4",1,51,2.03247304157519,0.492011445930416,"cg06108461","20",60628389,"intragenic","1","chr20:60628297-60628638","Island",0.0100121507658455,0.0974874470844269
"82","ATP8A2",1,52,2.0723254541551,0.482549687354831,"cg05868813","13",26594483,"intragenic","1","","",0.152609507693686,0.0504444373442762
"164","DOCK2",1,52,2.0723254541551,0.482549687354831,"cg12194596","5",169129467,"intragenic","1","","",0.165371942633601,-0.0847050376598414
"162","FCGBP",1,52,2.0723254541551,0.482549687354831,"cg11994115","19",40360856,"intragenic","1","chr19:40362695-40363286","N_Shore",0.0918690493055574,-0.0657953833241428
"83","SEMA5A",1,52,2.0723254541551,0.482549687354831,"cg05883978","5",9498781,"intragenic","1","","",0.0773841665362516,-0.0593485055322491
"104","SLC44A2",1,52,2.0723254541551,0.482549687354831,"cg06943912","19",10715612,"intragenic","2","chr19:10713015-10713555","S_Shelf",0.122847792053559,0.0512222481599389
"136","FAM115A",1,55,2.19188269189481,0.456228795317295,"cg09846875","7",143582630,"intragenic","1","chr7:143582125-143582610","S_Shore",0.182360726246797,0.0602397698648861
"267","CAMK2B",1,56,2.23173510447472,0.448081852543772,"cg21706701","7",44349301,"intragenic","1","chr7:44349111-44349716","Island",0.186491004493165,0.0628764267458672
"182","NPHP4",2,112,4.46347020894943,0.448081852543772,"cg13951223","1",6011309,"intragenic","1","","",0.114180627906145,-0.0851466977834082
"271","NPHP4",2,112,4.46347020894943,0.448081852543772,"cg22356839","1",6011302,"intragenic","1","","",0.100622872190736,-0.143351909080781
"326","SLC7A5",1,56,2.23173510447472,0.448081852543772,"cg27135163","16",87864324,"intragenic","1","","",0.117948294823381,0.0704508289149636
"246","C11orf45",1,57,2.27158751705462,0.440220767411425,"cg19546057","11",128776216,"promoter","1","","",0.161980967510004,0.0521850292950382
"276","THBS2",1,57,2.27158751705462,0.440220767411425,"cg22550299","6",169654842,"promoter","1","","",0.0894658299933051,0.0556263804352179
"165","CLASP1",1,58,2.31143992963453,0.432630754180194,"cg12545882","2",122343687,"intragenic","1","","",0.174050338572864,-0.064945954693775
"66","TNFAIP8",1,60,2.39114475479434,0.418209729040854,"cg04855216","5",118609467,"intragenic","1","","",0.156787031288366,0.0500331854218639
"72","CACNB2",3,180,7.17343426438302,0.418209729040854,"cg05205813","10",18549413,"intragenic","2","","",0.186688918722873,0.0540445869829259
"203","CACNB2",3,180,7.17343426438302,0.418209729040854,"cg15720089","10",18550223,"intragenic","2","","",0.160801996488948,0.0665995610717874
"242","CACNB2",3,180,7.17343426438302,0.418209729040854,"cg18959207","10",18549686,"intragenic","2","","",0.126723469976235,0.0583829608949287
"108","HLA-DQB2",1,61,2.43099716737425,0.411353831843463,"cg07180897","6",32729130,"intragenic","1","chr6:32729342-32729877","N_Shore",0.162741238556196,-0.156260617384402
"227","LOC100132215",1,64,2.55055440511396,0.392071620975801,"cg17397364","2",63273436,"intragenic","1","chr2:63274475-63279430","N_Shore",0.0437367493633898,-0.0558895678284156
"85","PTPRJ",1,66,2.63025923027377,0.380190662764413,"cg05982345","11",48191068,"intragenic","1","","",0.00584856539559869,0.0995320758705355
"257","LHX8",1,67,2.67011164285368,0.374516175260466,"cg20594809","1",75594531,"intragenic","2","chr1:75595813-75596162","N_Shore",0.130961081188722,0.0573231118912562
"2","H2AFY",1,68,2.70996405543359,0.369008584447812,"cg00245885","5",134680139,"intragenic","1","","",0.13187876083342,0.0587945028088823
"324","PDLIM5",1,68,2.70996405543359,0.369008584447812,"cg26990380","4",95469305,"intragenic","1","","",0.198810369700737,0.0577664668960204
"152","PDE6B",2,137,5.45978052344708,0.366315091130675,"cg11229771","4",640503,"intragenic","2","","",0.0247904078067281,-0.0659075147239432
"327","PDE6B",2,137,5.45978052344708,0.366315091130675,"cg27149937","4",640594,"intragenic","2","","",0.0631477793307701,-0.100416444784406
"53","MOV10L1",1,69,2.74981646801349,0.363660633948569,"cg03860256","22",50528291,"promoter","2","chr22:50528201-50529085","Island",0.0335757842460947,-0.0539719537191537
"258","RASSF5",1,69,2.74981646801349,0.363660633948569,"cg20595457","1",206753308,"intragenic","1","","",0.108931680067947,0.0673490306929262
"221","WNT5B",1,72,2.86937370575321,0.348508107534045,"cg17123639","12",1741869,"intragenic","1","chr12:1739286-1739833","S_Shelf",0.03452757639631,-0.0663082224765892
"88","MXI1",1,73,2.90922611833311,0.343734023869195,"cg06071730","10",112021300,"intragenic","1","","",0.0964076793064753,0.0519766254693308
"21","SPON2",2,146,5.81845223666623,0.343734023869195,"cg01546047","4",1167409,"intragenic","1","chr4:1164515-1166582","S_Shore",0.0781875038971828,0.0674456195123755
"58","SPON2",2,146,5.81845223666623,0.343734023869195,"cg04343927","4",1167423,"intragenic","1","chr4:1164515-1166582","S_Shore",0.0519546494693106,0.0637336402685329
"198","EYA4",1,74,2.94907853091302,0.339088969492584,"cg15246805","6",133584189,"intragenic","1","","",0.0840658367237457,-0.0607301316414092
"114","RBPJ",1,76,3.02878335607283,0.330165575558569,"cg07761822","4",26323722,"intragenic","1","chr4:26321133-26323150","S_Shore",0.173423409538736,0.0603306967040529
"191","MATR3",1,77,3.06863576865274,0.325877710940925,"cg14717906","5",138641864,"intragenic","1","","",0.0951445765089902,-0.0555311919002373
"230","EXOC2",1,78,3.10848818123264,0.321699791569888,"cg17632375","6",533904,"intragenic","1","chr6:537144-537522","N_Shelf",0.0956284066606023,-0.10336779222848
"249","KIAA0825",1,78,3.10848818123264,0.321699791569888,"cg19593009","5",93721323,"intragenic","1","","",0.191736640248839,-0.061227085713799
"80","GALNT2",1,82,3.26789783155226,0.306007118810381,"cg05784532","1",230284198,"intragenic","1","","",0.00944585842982015,-0.0747662480464207
"163","PPP1R10",1,82,3.26789783155226,0.306007118810381,"cg12069151","6",30580546,"intragenic","1","","",0.0892150880831869,-0.0648852857485018
"57","LGR6",1,83,3.30775024413217,0.302320286053629,"cg04316941","1",202224262,"intragenic","1","","",0.109819144896247,0.0574746591363496
"120","GRIN2A",2,167,6.65535290084425,0.300509984939536,"cg08204867","16",10208426,"intragenic","1","","",0.100274052344327,-0.0885682476290641
"212","GRIN2A",2,167,6.65535290084425,0.300509984939536,"cg16669395","16",10208417,"intragenic","1","","",0.132702356789643,-0.0599888678903499
"10","SMOC2",2,169,6.73505772600406,0.296953653756819,"cg00737264","6",169049498,"intragenic","1","","",0.127706873042959,0.0571651322773776
"134","SMOC2",2,169,6.73505772600406,0.296953653756819,"cg09620705","6",168971716,"intragenic","1","chr6:168972516-168974109","N_Shore",0.043052527622245,-0.0555074122940392
"3","LOC100996485",1,85,3.38745506929198,0.29520686755825,"cg00245885","5",134680139,"three_plus","1","","",0.13187876083342,0.0587945028088823
"210","ANKFY1",1,86,3.42730748187189,0.291774229563386,"cg16561392","17",4098308,"intragenic","1","","",0.0751793994978889,0.0713325009894705
"24","PXDN",1,91,3.62656954477142,0.275742678488475,"cg01629007","2",1657462,"intragenic","1","","",0.0808555287646136,-0.0816471758420286
"237","TMEM132D",1,92,3.66642195735132,0.272745475461426,"cg18758559","12",130142114,"intragenic","1","","",0.0687552527354303,-0.0625857138988005
"256","NCALD",1,93,3.70627436993123,0.269812728413454,"cg20585841","8",102729926,"intragenic","1","","",0.13627094209693,-0.0549446667084474
"243","SEMA6D",1,94,3.74612678251113,0.266942380238843,"cg19460792","15",47676823,"intragenic","1","","",0.0717246120212402,0.084778045551663
"314","KANSL1",1,96,3.82583160767094,0.261381080650534,"cg26250449","17",44195907,"intragenic","1","","",0.178152870225216,0.0511357823581308
"130","NBR1",1,96,3.82583160767094,0.261381080650534,"cg08893117","17",41327244,"intragenic","1","chr17:41322972-41323363","S_Shelf",0.0820094388700973,-0.0621762590915362
"241","RUNX2",1,97,3.86568402025085,0.258686430334549,"cg18862566","6",45391916,"intragenic","1","chr6:45389420-45391646","S_Shore",0.159585445400559,0.0684758041453868
"117","WWOX",1,97,3.86568402025085,0.258686430334549,"cg08173834","16",78618712,"intragenic","1","","",0.102916541798313,-0.0883444194529356
"161","IQSEC3",1,99,3.94538884541066,0.253460441842942,"cg11916478","12",213776,"intragenic","1","chr12:213763-214227","Island",0.180472255756073,-0.071275685440814
"272","AFAP1",1,103,4.10479849573028,0.243617317887876,"cg22430985","4",7807438,"intragenic","1","","",0.0291539767351005,-0.0564189505595315
"18","EIF4E3",1,106,4.22435573347,0.236722488136332,"cg01295782","3",71739283,"intragenic","1","","",0.104878258523412,-0.0696260927018847
"278","FXYD1",1,107,4.26420814604991,0.234510128434124,"cg22783327","19",35633258,"intragenic","1","chr19:35633409-35633697","N_Shore",0.189007765129518,0.053142975155148
"190","SND1",1,109,4.34391297120972,0.230207190297718,"cg14634918","7",127449997,"intragenic","1","","",0.157099703710767,0.0624514282218982
"192","SORCS2",2,219,8.72767835499934,0.229156015912797,"cg14900909","4",7735312,"intragenic","1","","",0.0356255684548288,-0.0734588147067883
"306","SORCS2",2,219,8.72767835499934,0.229156015912797,"cg25771730","4",7427195,"intragenic","1","","",0.0373872652631877,-0.0919529808652569
"97","NRXN2",1,116,4.62287985926906,0.216315377090097,"cg06451228","11",64397333,"intragenic","1","chr11:64397644-64398016","N_Shore",0.0940205102506144,-0.05637398237611
"260","HDLBP",1,117,4.66273227184896,0.214466527713258,"cg20863321","2",242250819,"intragenic","1","chr2:242254299-242256026","N_Shelf",0.104872345517426,-0.0716482373974615
"100","LPCAT1",1,117,4.66273227184896,0.214466527713258,"cg06755258","5",1462729,"intragenic","1","chr5:1463343-1463851","N_Shore",0.177258213938813,-0.0609667950948868
"111","UBAC2",1,117,4.66273227184896,0.214466527713258,"cg07450210","13",99880947,"intragenic","1","","",0.158546503925522,0.0568082088603381
"183","IRX4",1,118,4.70258468442887,0.212649014766536,"cg13974394","5",1882188,"intragenic","1","chr5:1881924-1887743","Island",0.158274545071183,0.0843554985891384
"322","MAP7",1,119,4.74243709700878,0.210862048255893,"cg26814100","6",136724451,"intragenic","1","","",0.0823957363156327,0.0633844440382604
"29","LEPR",1,123,4.9018467473284,0.204004745873587,"cg01933519","1",65891704,"intragenic","4","","",0.0569646855540161,-0.0537652615722213
"56","ZFPM1",1,123,4.9018467473284,0.204004745873587,"cg04247152","16",88590325,"intragenic","1","chr16:88590204-88590410","Island",0.0753118243418051,-0.0992832841161939
"287","TNRC18",1,125,4.98155157248821,0.20074066993961,"cg23616097","7",5463348,"promoter","1","chr7:5458503-5469256","Island",0.126106495900175,-0.0527146349980742
"112","RAI14",1,143,5.69889499892651,0.175472613583575,"cg07505049","5",34831987,"intragenic","1","","",0.0167180320875767,-0.0592015489933656
"48","PCDHA8",1,144,5.73874741150642,0.174254053767022,"cg03240800","5",140219613,"promoter","1","chr5:140221007-140221381","N_Shore",0.108932807563346,0.0735493544691529
"328","IFT140",1,146,5.81845223666623,0.171867011934597,"cg27316811","16",1576146,"intragenic","1","chr16:1574515-1574986","S_Shore",0.050349302560166,-0.055861454373918
"178","NXN",2,300,11.9557237739717,0.167283891616342,"cg13583272","17",739376,"intragenic","1","chr17:738868-739377","Island",0.189730965429057,0.0553972411041929
"185","NXN",2,300,11.9557237739717,0.167283891616342,"cg14193825","17",805524,"intragenic","1","","",0.149852991475702,0.0502038618533545
"92","GALNT9",2,303,12.0752810117114,0.165627615461724,"cg06139006","12",132682698,"intragenic","1","chr12:132682572-132682895","Island",0.138469325957387,0.0566661817630081
"277","GALNT9",2,303,12.0752810117114,0.165627615461724,"cg22695351","12",132701390,"intragenic","1","chr12:132696661-132697724","S_Shelf",0.0347831386621816,-0.0657708076722804
"44","PCDHA7",1,155,6.17712394988538,0.161887637048072,"cg03240800","5",140219613,"intragenic","1","chr5:140221007-140221381","N_Shore",0.108932807563346,0.0735493544691529
"78","MSRA",1,157,6.25682877504519,0.15982537415574,"cg05753693","8",10192930,"intragenic","1","chr8:10191940-10192620","S_Shore",0.163540019588223,0.0522664422171892
"308","AFF3",1,169,6.73505772600406,0.14847682687841,"cg25845203","2",100509050,"intragenic","1","","",0.194261251044131,0.0637726127147097
"307","GAK",1,170,6.77491013858396,0.147603433779125,"cg25779935","4",859229,"intragenic","1","","",0.173767239701816,-0.0514331406227067
"43","PCDHA6",1,176,7.0140246140634,0.142571498536655,"cg03240800","5",140219613,"intragenic","1","chr5:140221007-140221381","N_Shore",0.108932807563346,0.0735493544691529
"269","MYT1L",1,177,7.0538770266433,0.141766009844357,"cg21862353","2",1801628,"intragenic","1","chr2:1801618-1802060","Island",0.085953694575092,-0.0807077041147651
"46","PCDHA5",1,177,7.0538770266433,0.141766009844357,"cg03240800","5",140219613,"intragenic","1","chr5:140221007-140221381","N_Shore",0.108932807563346,0.0735493544691529
"31","MAD1L1",4,733,29.2118184210709,0.136930879904236,"cg02305113","7",2059212,"intragenic","1","chr7:2059907-2060131","N_Shore",0.159151930360293,0.0635819181186581
"121","MAD1L1",4,733,29.2118184210709,0.136930879904236,"cg08204939","7",2208686,"intragenic","1","","",0.0467141192921775,-0.0612254619768873
"167","MAD1L1",4,733,29.2118184210709,0.136930879904236,"cg12593021","7",2208492,"intragenic","1","","",0.0367706578793036,-0.0664979963482457
"224","MAD1L1",4,733,29.2118184210709,0.136930879904236,"cg17309904","7",1960073,"intragenic","1","","",0.0844593163486684,0.055296245910803
"47","PCDHA4",1,195,7.77122045308161,0.128679916627955,"cg03240800","5",140219613,"intragenic","1","chr5:140221007-140221381","N_Shore",0.108932807563346,0.0735493544691529
"283","GOLGA3",1,204,8.12989216630076,0.123002861482604,"cg23322676","12",133366597,"intragenic","1","chr12:133365598-133365929","S_Shore",0.0618064230946736,-0.0660212815997029
"107","NRXN3",1,204,8.12989216630076,0.123002861482604,"cg07177395","14",79968686,"intragenic","1","","",0.0654570058204014,-0.0690646278508057
"255","JARID2",1,207,8.24944940404047,0.12122021131619,"cg20487608","6",15288126,"intragenic","1","","",0.108370244583085,0.068375477656827
"42","PCDHA3",1,207,8.24944940404047,0.12122021131619,"cg03240800","5",140219613,"intragenic","1","chr5:140221007-140221381","N_Shore",0.108932807563346,0.0735493544691529
"321","MEIS2",1,226,9.00664524305868,0.111029131603767,"cg26708220","15",37387577,"intragenic","1","chr15:37387386-37387614","Island",0.14675672619067,-0.0608309454474172
"45","PCDHA1",1,230,9.1660548933783,0.109098190184571,"cg03240800","5",140219613,"intragenic","1","chr5:140221007-140221381","N_Shore",0.108932807563346,0.0735493544691529
"49","SDK1",2,465,18.5313718496561,0.107925091365382,"cg03457472","7",3339766,"promoter","1","chr7:3340354-3341216","N_Shore",0.193870219433643,0.0566875943495037
"81","SDK1",2,465,18.5313718496561,0.107925091365382,"cg05812582","7",3920082,"intragenic","1","","",0.196245051245553,-0.0701959665265218
"41","PCDHA2",1,241,9.60443143175727,0.104118604740462,"cg03240800","5",140219613,"intragenic","1","chr5:140221007-140221381","N_Shore",0.108932807563346,0.0735493544691529
"86","TTC40",1,248,9.88339831981661,0.101179773155045,"cg06041852","10",134734134,"intragenic","1","chr10:134735972-134736254","N_Shore",0.187803313669757,-0.0746005383797184
"187","PRKAG2",1,266,10.6007417462549,0.0943330215881625,"cg14481469","7",151297347,"intragenic","1","chr7:151300169-151300726","N_Shelf",0.0983112899805592,-0.0583558842226814
"300","C7orf50",1,328,13.0715913262091,0.0765017797025952,"cg24575275","7",1094737,"intragenic","1","chr7:1097405-1097953","N_Shelf",0.0269917745149793,0.0679083232720497
"16","ADARB2",1,374,14.9048023048847,0.0670924698996022,"cg01277072","10",1526103,"intragenic","1","","",0.0375696704320195,-0.0897406554764424
"153","TRAPPC9",1,439,17.4952091225786,0.0571585051080894,"cg11256152","8",141359786,"intragenic","1","chr8:141359155-141359621","S_Shore",0.105184597713294,-0.0654663829162696
"93","LMF1",1,502,20.0059111151126,0.0499852265785881,"cg06231519","16",969599,"intragenic","1","chr16:971429-971825","N_Shore",0.00671820750443971,-0.0569209177318903
"65","ABR",1,638,25.4258392259798,0.0393300685618358,"cg04833819","17",927551,"intragenic","1","chr17:926234-926439","S_Shore",0.164639902095026,-0.103308711478209
"209","ERICH1-AS1",1,694,27.6575743304545,0.0361564607239931,"cg16537292","8",686186,"promoter","1","chr8:686830-689496","N_Shore",0.130569984982491,0.0752812373992792
"38","PTPRN2",1,1299,51.7682839412975,0.0193168466069678,"cg02768721","7",158221370,"intragenic","1","chr7:158217851-158220709","S_Shore",0.120679362108433,0.0574002986977699
